{
  "id": "1647638",
  "name": "food",
  "font_family": "iconfont",
  "css_prefix_text": "icon",
  "description": "美时App",
  "glyphs": [
    {
      "icon_id": "577312",
      "name": "加号",
      "font_class": "jiahao",
      "unicode": "e727",
      "unicode_decimal": 59175
    },
    {
      "icon_id": "6536707",
      "name": "加号",
      "font_class": "jiahao1",
      "unicode": "e656",
      "unicode_decimal": 58966
    },
    {
      "icon_id": "8288849",
      "name": "加号",
      "font_class": "jiahao2",
      "unicode": "e84f",
      "unicode_decimal": 59471
    },
    {
      "icon_id": "554389",
      "name": "信息",
      "font_class": "iconset0336",
      "unicode": "e6eb",
      "unicode_decimal": 59115
    },
    {
      "icon_id": "765262",
      "name": "首页",
      "font_class": "shouye",
      "unicode": "e613",
      "unicode_decimal": 58899
    },
    {
      "icon_id": "2932863",
      "name": "信",
      "font_class": "xin1",
      "unicode": "e80d",
      "unicode_decimal": 59405
    },
    {
      "icon_id": "3742859",
      "name": "首页",
      "font_class": "shouye1",
      "unicode": "e610",
      "unicode_decimal": 58896
    },
    {
      "icon_id": "3855618",
      "name": "信息",
      "font_class": "xinxi",
      "unicode": "e625",
      "unicode_decimal": 58917
    },
    {
      "icon_id": "4517413",
      "name": "首页",
      "font_class": "shouye2",
      "unicode": "e73c",
      "unicode_decimal": 59196
    },
    {
      "icon_id": "12387149",
      "name": "信",
      "font_class": "xin2",
      "unicode": "e90f",
      "unicode_decimal": 59663
    },
    {
      "icon_id": "2736937",
      "name": "消息",
      "font_class": "xiaoxi2",
      "unicode": "e6a5",
      "unicode_decimal": 59045
    },
    {
      "icon_id": "4769905",
      "name": "消息",
      "font_class": "xiaoxi3",
      "unicode": "e60f",
      "unicode_decimal": 58895
    },
    {
      "icon_id": "3814701",
      "name": "奶瓶 feeder",
      "font_class": "feeder",
      "unicode": "e608",
      "unicode_decimal": 58888
    },
    {
      "icon_id": "3902925",
      "name": "面包",
      "font_class": "mianbao",
      "unicode": "e602",
      "unicode_decimal": 58882
    },
    {
      "icon_id": "5113715",
      "name": "面包",
      "font_class": "mianbao1",
      "unicode": "e612",
      "unicode_decimal": 58898
    },
    {
      "icon_id": "5193930",
      "name": "甜点类",
      "font_class": "tiandianlei",
      "unicode": "e622",
      "unicode_decimal": 58914
    },
    {
      "icon_id": "5215128",
      "name": "甜点2-01",
      "font_class": "tiandian-",
      "unicode": "e623",
      "unicode_decimal": 58915
    },
    {
      "icon_id": "5218778",
      "name": "小吃",
      "font_class": "xiaochi",
      "unicode": "e601",
      "unicode_decimal": 58881
    },
    {
      "icon_id": "5626502",
      "name": "甜点 MBE",
      "font_class": "tiandianMBE",
      "unicode": "e61f",
      "unicode_decimal": 58911
    },
    {
      "icon_id": "12175416",
      "name": "大厨家常菜",
      "font_class": "meishi-",
      "unicode": "e69e",
      "unicode_decimal": 59038
    },
    {
      "icon_id": "12175419",
      "name": "小吃中国",
      "font_class": "meishi-1",
      "unicode": "e6a0",
      "unicode_decimal": 59040
    },
    {
      "icon_id": "12851274",
      "name": "奶瓶",
      "font_class": "naiping",
      "unicode": "e632",
      "unicode_decimal": 58930
    },
    {
      "icon_id": "12979674",
      "name": "小吃",
      "font_class": "xiaochi1",
      "unicode": "e609",
      "unicode_decimal": 58889
    },
    {
      "icon_id": "12980068",
      "name": "奶瓶",
      "font_class": "naiping-",
      "unicode": "e631",
      "unicode_decimal": 58929
    },
    {
      "icon_id": "36497",
      "name": "评论",
      "font_class": "pinglun",
      "unicode": "e600",
      "unicode_decimal": 58880
    },
    {
      "icon_id": "695714",
      "name": "收藏",
      "font_class": "keep",
      "unicode": "e63a",
      "unicode_decimal": 58938
    },
    {
      "icon_id": "866509",
      "name": "收藏",
      "font_class": "shoucang",
      "unicode": "e62f",
      "unicode_decimal": 58927
    },
    {
      "icon_id": "880163",
      "name": "评论",
      "font_class": "pinglun1",
      "unicode": "e603",
      "unicode_decimal": 58883
    },
    {
      "icon_id": "1004644",
      "name": "搜索",
      "font_class": "sousuo",
      "unicode": "e641",
      "unicode_decimal": 58945
    },
    {
      "icon_id": "1221257",
      "name": "收藏",
      "font_class": "shoucang1",
      "unicode": "e60d",
      "unicode_decimal": 58893
    },
    {
      "icon_id": "1237171",
      "name": "加号",
      "font_class": "plus",
      "unicode": "e60a",
      "unicode_decimal": 58890
    },
    {
      "icon_id": "2570061",
      "name": "心",
      "font_class": "xin",
      "unicode": "e61c",
      "unicode_decimal": 58908
    },
    {
      "icon_id": "3705475",
      "name": "热门",
      "font_class": "remen",
      "unicode": "e643",
      "unicode_decimal": 58947
    },
    {
      "icon_id": "3852560",
      "name": "热门",
      "font_class": "remen1",
      "unicode": "e62a",
      "unicode_decimal": 58922
    },
    {
      "icon_id": "4251748",
      "name": "评论",
      "font_class": "pinglun2",
      "unicode": "e648",
      "unicode_decimal": 58952
    },
    {
      "icon_id": "4333451",
      "name": "搜索",
      "font_class": "suosou",
      "unicode": "e60b",
      "unicode_decimal": 58891
    },
    {
      "icon_id": "5370175",
      "name": "编辑-填写",
      "font_class": "bianji-tianxie",
      "unicode": "e7ce",
      "unicode_decimal": 59342
    },
    {
      "icon_id": "5439968",
      "name": "搜索",
      "font_class": "sousuo1",
      "unicode": "e638",
      "unicode_decimal": 58936
    },
    {
      "icon_id": "6085788",
      "name": "热门",
      "font_class": "remen2",
      "unicode": "e65e",
      "unicode_decimal": 58974
    },
    {
      "icon_id": "7440247",
      "name": "收藏",
      "font_class": "shoucang_",
      "unicode": "e60e",
      "unicode_decimal": 58894
    },
    {
      "icon_id": "7532888",
      "name": "写评论",
      "font_class": "xiepinglun",
      "unicode": "e667",
      "unicode_decimal": 58983
    },
    {
      "icon_id": "9049284",
      "name": "热门",
      "font_class": "remen3",
      "unicode": "e614",
      "unicode_decimal": 58900
    },
    {
      "icon_id": "10176448",
      "name": "热门",
      "font_class": "remen4",
      "unicode": "e629",
      "unicode_decimal": 58921
    },
    {
      "icon_id": "11365025",
      "name": "心 爱",
      "font_class": "tubiao-",
      "unicode": "e604",
      "unicode_decimal": 58884
    },
    {
      "icon_id": "12842784",
      "name": "w_写",
      "font_class": "w_xie",
      "unicode": "e67b",
      "unicode_decimal": 59003
    },
    {
      "icon_id": "1314475",
      "name": "我的",
      "font_class": "daohanglan-05",
      "unicode": "e639",
      "unicode_decimal": 58937
    },
    {
      "icon_id": "4165945",
      "name": "消息",
      "font_class": "xiaoxi",
      "unicode": "e606",
      "unicode_decimal": 58886
    },
    {
      "icon_id": "4854943",
      "name": "消息",
      "font_class": "xiaoxi1",
      "unicode": "e60c",
      "unicode_decimal": 58892
    },
    {
      "icon_id": "5925256",
      "name": "我的",
      "font_class": "wode",
      "unicode": "e630",
      "unicode_decimal": 58928
    },
    {
      "icon_id": "7100392",
      "name": "发现",
      "font_class": "faxian",
      "unicode": "e726",
      "unicode_decimal": 59174
    },
    {
      "icon_id": "11982657",
      "name": "Home, homepage, menu",
      "font_class": "Homehomepagemenu",
      "unicode": "e9ce",
      "unicode_decimal": 59854
    }
  ]
}
